Workbook
Name DD_APPLIED_COMPANY: 기업정보!$E$2:$E$50
Name DD_ENERGY: 배출계수_드롭다운!$B$3:$B$16
Name DD_ENERGY_UNIT: 배출계수_드롭다운!$C$3:$C$7
Name DD_PURCHASE_GROUP: 배출계수_드롭다운!$A$3:$A$19
Name DD_TRANSPORT_DISTANCE: 배출계수_드롭다운!$D$3:$D$9
Name DD_TRANSPORT_SPEND: 배출계수_드롭다운!$E$3:$E$19
Name DD_TRANSPORT_WEIGHT_UNIT: 배출계수_드롭다운!$K$3:$K$4
Name DD_TRAVEL_DISTANCE: 배출계수_드롭다운!$F$3:$F$15
Name DD_TRAVEL_SPEND: 배출계수_드롭다운!$G$3:$G$8
Name DD_WASTE_C5_TYPE: 배출계수_드롭다운!$H$3:$H$18
Name DD_WASTE_METHOD: 배출계수_드롭다운!$I$3:$I$6
Name DD_WASTE_UNIT: 배출계수_드롭다운!$J$3:$J$4

Sheet 기업정보
E1: 회사 목록(관리용)
B2: Scope 3 배출량 산정 템플릿 | E2: 공연공
B4: 기업 정보 입력
B5: - 아래에 적용 기업명을 선택하면, 각 카테고리 시트(C5 폐기물 종류 등) 상단의 '*적용 기업명' 칸과 상세명 자동 매칭에 함께 반영됩니다.
B7: *적용 기업명 | C7: 공연공 | D7: ※ 새 회사를 추가하려면 이 시트 E열에 회사명을 한 줄 추가한 뒤 여기서 선택하세요. 그 회사의 실제 매핑 데이터는 '회사별_폐기물매핑'·'회사별_교통수단매핑' 시트 A~C열에 별도로 추가해야 자동 매칭이 동작합니다.

Sheet C6-1_출장거리
B2: C6. 임직원 출장 1안. 이동거리 기반
B4: 카테고리 정의
B5: - 보고년도에 임직원 업무 출장 시 항공, 철도, 차량 등 교통수단 이용으로 발생한 온실가스 배출량
B6: - 출발지와 도착지 또는 이동거리를 알고 있는 출장에 적용
B9: 작성 기준
B10: 1) 온실가스 산정 식: Σ(왕복 이동거리 × 교통수단별 배출계수 × 인원수 × 이동횟수)
B11: - 온실가스 배출계수는 UK defra 평가계수를 활용 (*UK Government GHG Conversion Factor )
B12: 2) 편도거리나 출도착지 둘 중 하나는 반드시 작성(노란 박스) / 항공을 이용한 경우 출도착지는 도시명·주소 대신 공항명(예: 인천국제공항)으로 작성 권장 - 미기재 시 AI가 가까운 주요 공항으로 추정해 거리를 계산합니다(주소 기준으로 바로 계산하면 실제 항공 이동거리와 달라질 수 있음)
B13: 3) 숙박비와 교통비 지출금액만 아는 경우 C6-2 시트에 작성
B14: *적용 기업명 | C14: =기업정보!$C$7 -> 공연공
B15: ※ '기업정보' 시트에서 선택한 적용 기업명이 자동 반영됩니다. 상세 교통수단명(Y열) 입력 시 *교통수단(D열)이 '회사별_교통수단매핑' 매핑표를 기준으로 자동 매칭됩니다.
B16: ※ 사용 기준: 월별 자료가 있으면 1월~12월 칸에 입력하고, 연간 총량만 있으면 연간 입력 칸에 입력합니다. 동일 행에서 연간과 월별을 중복 입력하지 마세요.
B17: ※ 주황색으로 표시된 필수 입력칸은 반드시 작성해야 합니다.
B18: ※ 회색으로 표시된 입력란(배출계수, 배출량)은 자동으로 산출되므로 별도로 입력하지 않으셔도 됩니다.
B19: *국가 | C19: *출장주체 | D19: *교통수단 | E19: *인원수 | F19: 출도착지 | I19: 연간 입력 | J19: 월별 이동횟수 | V19: 비고(선택) | W19: 배출계수(tCO2e/km) | X19: 배출량(tCO2e) | Y19: 상세 교통수단명(선택)
F20: 출발지 | G20: 도착지 | H20: 편도거리(km)(선택) | I20: 연간이동횟수 | J20: 1월 | K20: 2월 | L20: 3월 | M20: 4월 | N20: 5월 | O20: 6월 | P20: 7월 | Q20: 8월 | R20: 9월 | S20: 10월 | T20: 11월 | U20: 12월
B21: 대한민국 | C21: 광주전북지부 | D21: =IFERROR(INDEX(회사별_교통수단매핑!$C$2:$C$1000,MATCH(1,INDEX(($C$14=회사별_교통수단매핑!$A$2:$A$1000)*($Y21=회사별_교통수단매핑!$B$2:$B$1000),0),0)),"") -> 장거리버스/코치 | E21: 1 | F21: 광주광역시 서구 죽봉대로 52 | G21: 경남 의령군 가례면 가례로 677 | I21: =IF(SUM(J21:U21)=0,"",SUM(J21:U21)) -> 1 | K21: 1 | W21: 0.00010385 | X21: 0.035523329 | Y21: 고속버스
B22: 대한민국 | C22: 광주전북지부 | D22: =IFERROR(INDEX(회사별_교통수단매핑!$C$2:$C$1000,MATCH(1,INDEX(($C$14=회사별_교통수단매핑!$A$2:$A$1000)*($Y22=회사별_교통수단매핑!$B$2:$B$1000),0),0)),"") -> 장거리버스/코치 | E22: 1 | F22: 광주광역시 서구 죽봉대로 53 | G22: 경북 영주시 봉현면 테라피로 209 | I22: =IF(SUM(J22:U22)=0,"",SUM(J22:U22)) -> 1 | S22: 1 | W22: 0.00010385 | X22: 0.065955569 | Y22: 고속버스
B23: 대한민국 | C23: 광주전북지부 | D23: =IFERROR(INDEX(회사별_교통수단매핑!$C$2:$C$1000,MATCH(1,INDEX(($C$14=회사별_교통수단매핑!$A$2:$A$1000)*($Y23=회사별_교통수단매핑!$B$2:$B$1000),0),0)),"") -> 장거리버스/코치 | E23: 1 | F23: 광주광역시 서구 죽봉대로 54 | G23: 서울특별시 강남구 언주로 508 | I23: =IF(SUM(J23:U23)=0,"",SUM(J23:U23)) -> 2 | U23: 2 | W23: 0.00010385 | X23: 0.14464506 | Y23: 고속버스
B24: 대한민국 | C24: 광주전북지부 | D24: =IFERROR(INDEX(회사별_교통수단매핑!$C$2:$C$1000,MATCH(1,INDEX(($C$14=회사별_교통수단매핑!$A$2:$A$1000)*($Y24=회사별_교통수단매핑!$B$2:$B$1000),0),0)),"") -> 장거리버스/코치 | E24: 1 | F24: 광주광역시 서구 죽봉대로 55 | G24: 전남 강진군 도암면 다산인재길 10 | I24: =IF(SUM(J24:U24)=0,"",SUM(J24:U24)) -> 7 | L24: 1 | M24: 1 | N24: 1 | O24: 1 | R24: 1 | S24: 1 | T24: 1 | W24: 0.00010385 | X24: 0.10831511 | Y24: 고속버스
B25: 대한민국 | C25: 광주전북지부 | D25: =IFERROR(INDEX(회사별_교통수단매핑!$C$2:$C$1000,MATCH(1,INDEX(($C$14=회사별_교통수단매핑!$A$2:$A$1000)*($Y25=회사별_교통수단매핑!$B$2:$B$1000),0),0)),"") -> 장거리버스/코치 | E25: 1 | F25: 광주광역시 서구 죽봉대로 56 | G25: 전남 나주시 경현동 | I25: =IF(SUM(J25:U25)=0,"",SUM(J25:U25)) -> 3 | R25: 1 | S25: 1 | T25: 1 | W25: 0.00010385 | X25: 0.015376866 | Y25: 고속버스
B26: 대한민국 | C26: 광주전북지부 | D26: =IFERROR(INDEX(회사별_교통수단매핑!$C$2:$C$1000,MATCH(1,INDEX(($C$14=회사별_교통수단매핑!$A$2:$A$1000)*($Y26=회사별_교통수단매핑!$B$2:$B$1000),0),0)),"") -> 장거리버스/코치 | E26: 1 | F26: 광주광역시 서구 죽봉대로 57 | G26: 전남 무안군 삼향읍 어진누리길 10 | I26: =IF(SUM(J26:U26)=0,"",SUM(J26:U26)) -> 1 | K26: 1 | W26: 0.00010385 | X26: 0.0096378534 | Y26: 고속버스
B27: 대한민국 | C27: 광주전북지부 | D27: =IFERROR(INDEX(회사별_교통수단매핑!$C$2:$C$1000,MATCH(1,INDEX(($C$14=회사별_교통수단매핑!$A$2:$A$1000)*($Y27=회사별_교통수단매핑!$B$2:$B$1000),0),0)),"") -> 장거리버스/코치 | E27: 1 | F27: 광주광역시 서구 죽봉대로 58 | G27: 전남 영암군 삼호읍 대불로 91 | I27: =IF(SUM(J27:U27)=0,"",SUM(J27:U27)) -> 1 | O27: 1 | W27: 0.00010385 | X27: 0.011154295 | Y27: 고속버스
B28: 대한민국 | C28: 광주전북지부 | D28: =IFERROR(INDEX(회사별_교통수단매핑!$C$2:$C$1000,MATCH(1,INDEX(($C$14=회사별_교통수단매핑!$A$2:$A$1000)*($Y28=회사별_교통수단매핑!$B$2:$B$1000),0),0)),"") -> 장거리버스/코치 | E28: 1 | F28: 광주광역시 서구 죽봉대로 59 | G28: 전남 장흥군 장흥읍 평화우산길 212-43 | I28: =IF(SUM(J28:U28)=0,"",SUM(J28:U28)) -> 1 | S28: 1 | W28: 0.00010385 | X28: 0.014341922 | Y28: 고속버스
B29: 대한민국 | C29: 광주전북지부 | D29: =IFERROR(INDEX(회사별_교통수단매핑!$C$2:$C$1000,MATCH(1,INDEX(($C$14=회사별_교통수단매핑!$A$2:$A$1000)*($Y29=회사별_교통수단매핑!$B$2:$B$1000),0),0)),"") -> 장거리버스/코치 | E29: 1 | F29: 광주광역시 서구 죽봉대로 60 | G29: 전라북도 전주시 완산구 평화동2가 | I29: =IF(SUM(J29:U29)=0,"",SUM(J29:U29)) -> 10 | J29: 1 | K29: 2 | M29: 4 | N29: 1 | O29: 1 | R29: 1 | W29: 0.00010385 | X29: 0.21461329 | Y29: 고속버스
B30: 대한민국 | C30: 광주전북지부 | D30: =IFERROR(INDEX(회사별_교통수단매핑!$C$2:$C$1000,MATCH(1,INDEX(($C$14=회사별_교통수단매핑!$A$2:$A$1000)*($Y30=회사별_교통수단매핑!$B$2:$B$1000),0),0)),"") -> 장거리버스/코치 | E30: 1 | F30: 광주광역시 서구 죽봉대로 61 | G30: 전북 고창군 고창읍 석정2로 179 | I30: =IF(SUM(J30:U30)=0,"",SUM(J30:U30)) -> 3 | P30: 2 | T30: 1 | W30: 0.00010385 | X30: 0.026860142 | Y30: 고속버스
B31: 대한민국 | C31: 광주전북지부 | D31: =IFERROR(INDEX(회사별_교통수단매핑!$C$2:$C$1000,MATCH(1,INDEX(($C$14=회사별_교통수단매핑!$A$2:$A$1000)*($Y31=회사별_교통수단매핑!$B$2:$B$1000),0),0)),"") -> 장거리버스/코치 | E31: 1 | F31: 광주광역시 서구 죽봉대로 62 | G31: 전북 남원시 동충동 | I31: =IF(SUM(J31:U31)=0,"",SUM(J31:U31)) -> 1 | O31: 1 | W31: 0.00010385 | X31: 0.01580878 | Y31: 고속버스
B32: 대한민국 | C32: 광주전북지부 | D32: =IFERROR(INDEX(회사별_교통수단매핑!$C$2:$C$1000,MATCH(1,INDEX(($C$14=회사별_교통수단매핑!$A$2:$A$1000)*($Y32=회사별_교통수단매핑!$B$2:$B$1000),0),0)),"") -> 장거리버스/코치 | E32: 1 | F32: 광주광역시 서구 죽봉대로 63 | G32: 전북 부안군 변산면 변산로 2060 | I32: =IF(SUM(J32:U32)=0,"",SUM(J32:U32)) -> 6 | N32: 3 | S32: 2 | T32: 1 | W32: 0.00010385 | X32: 0.10449891 | Y32: 고속버스
B33: 대한민국 | C33: 광주전북지부 | D33: =IFERROR(INDEX(회사별_교통수단매핑!$C$2:$C$1000,MATCH(1,INDEX(($C$14=회사별_교통수단매핑!$A$2:$A$1000)*($Y33=회사별_교통수단매핑!$B$2:$B$1000),0),0)),"") -> 장거리버스/코치 | E33: 1 | F33: 광주광역시 서구 죽봉대로 64 | G33: 전북 전주시 | I33: =IF(SUM(J33:U33)=0,"",SUM(J33:U33)) -> 1 | S33: 1 | W33: 0.00010385 | X33: 0.021461329 | Y33: 고속버스
B34: 대한민국 | C34: 광주전북지부 | D34: =IFERROR(INDEX(회사별_교통수단매핑!$C$2:$C$1000,MATCH(1,INDEX(($C$14=회사별_교통수단매핑!$A$2:$A$1000)*($Y34=회사별_교통수단매핑!$B$2:$B$1000),0),0)),"") -> 장거리버스/코치 | E34: 1 | F34: 광주광역시 서구 죽봉대로 65 | G34: 전북 전주시 덕진구 | I34: =IF(SUM(J34:U34)=0,"",SUM(J34:U34)) -> 2 | M34: 2 | W34: 0.00010385 | X34: 0.042922657 | Y34: 고속버스
B35: 대한민국 | C35: 광주전북지부 | D35: =IFERROR(INDEX(회사별_교통수단매핑!$C$2:$C$1000,MATCH(1,INDEX(($C$14=회사별_교통수단매핑!$A$2:$A$1000)*($Y35=회사별_교통수단매핑!$B$2:$B$1000),0),0)),"") -> 장거리버스/코치 | E35: 1 | F35: 광주광역시 서구 죽봉대로 66 | G35: 전북 전주시 덕진구 들사평로 38 | I35: =IF(SUM(J35:U35)=0,"",SUM(J35:U35)) -> 1 | N35: 1 | W35: 0.00010385 | X35: 0.021461329 | Y35: 고속버스
B36: 대한민국 | C36: 광주전북지부 | D36: =IFERROR(INDEX(회사별_교통수단매핑!$C$2:$C$1000,MATCH(1,INDEX(($C$14=회사별_교통수단매핑!$A$2:$A$1000)*($Y36=회사별_교통수단매핑!$B$2:$B$1000),0),0)),"") -> 장거리버스/코치 | E36: 1 | F36: 광주광역시 서구 죽봉대로 67 | G36: 전북 전주시 덕진구 중동 772-408 | I36: =IF(SUM(J36:U36)=0,"",SUM(J36:U36)) -> 8 | M36: 3 | O36: 1 | R36: 2 | T36: 2 | W36: 0.00010385 | X36: 0.17169063 | Y36: 고속버스
B37: 대한민국 | C37: 광주전북지부 | D37: =IFERROR(INDEX(회사별_교통수단매핑!$C$2:$C$1000,MATCH(1,INDEX(($C$14=회사별_교통수단매핑!$A$2:$A$1000)*($Y37=회사별_교통수단매핑!$B$2:$B$1000),0),0)),"") -> 장거리버스/코치 | E37: 1 | F37: 광주광역시 서구 죽봉대로 68 | G37: 전북 전주시 덕진구 팔복동1가 49-3 | I37: =IF(SUM(J37:U37)=0,"",SUM(J37:U37)) -> 1 | J37: 1 | W37: 0.00010385 | X37: 0.021461329 | Y37: 고속버스
B38: 대한민국 | C38: 광주전북지부 | D38: =IFERROR(INDEX(회사별_교통수단매핑!$C$2:$C$1000,MATCH(1,INDEX(($C$14=회사별_교통수단매핑!$A$2:$A$1000)*($Y38=회사별_교통수단매핑!$B$2:$B$1000),0),0)),"") -> 장거리버스/코치 | E38: 1 | F38: 광주광역시 서구 죽봉대로 69 | G38: 전북 전주시 완산구 낙수정2길 92 | I38: =IF(SUM(J38:U38)=0,"",SUM(J38:U38)) -> 1 | O38: 1 | W38: 0.00010385 | X38: 0.021461329 | Y38: 고속버스
B39: 대한민국 | C39: 광주전북지부 | D39: =IFERROR(INDEX(회사별_교통수단매핑!$C$2:$C$1000,MATCH(1,INDEX(($C$14=회사별_교통수단매핑!$A$2:$A$1000)*($Y39=회사별_교통수단매핑!$B$2:$B$1000),0),0)),"") -> 장거리버스/코치 | E39: 1 | F39: 광주광역시 서구 죽봉대로 70 | G39: 전북 전주시 완산구 쑥고개로 241-8 | I39: =IF(SUM(J39:U39)=0,"",SUM(J39:U39)) -> 1 | L39: 1 | W39: 0.00010385 | X39: 0.021461329 | Y39: 고속버스
B40: 대한민국 | C40: 광주전북지부 | D40: =IFERROR(INDEX(회사별_교통수단매핑!$C$2:$C$1000,MATCH(1,INDEX(($C$14=회사별_교통수단매핑!$A$2:$A$1000)*($Y40=회사별_교통수단매핑!$B$2:$B$1000),0),0)),"") -> 장거리버스/코치 | E40: 1 | F40: 광주광역시 서구 죽봉대로 71 | G40: 전북 전주시 완산구 용머리로 77 | I40: =IF(SUM(J40:U40)=0,"",SUM(J40:U40)) -> 1 | L40: 1 | W40: 0.00010385 | X40: 0.021461329 | Y40: 고속버스
B41: 대한민국 | C41: 광주전북지부 | D41: =IFERROR(INDEX(회사별_교통수단매핑!$C$2:$C$1000,MATCH(1,INDEX(($C$14=회사별_교통수단매핑!$A$2:$A$1000)*($Y41=회사별_교통수단매핑!$B$2:$B$1000),0),0)),"") -> 장거리버스/코치 | E41: 1 | F41: 광주광역시 서구 죽봉대로 72 | G41: 전북 전주시 완산구 전주객사3길 34 | I41: =IF(SUM(J41:U41)=0,"",SUM(J41:U41)) -> 1 | L41: 1 | W41: 0.00010385 | X41: 0.021461329 | Y41: 고속버스
B42: 대한민국 | C42: 광주전북지부 | D42: =IFERROR(INDEX(회사별_교통수단매핑!$C$2:$C$1000,MATCH(1,INDEX(($C$14=회사별_교통수단매핑!$A$2:$A$1000)*($Y42=회사별_교통수단매핑!$B$2:$B$1000),0),0)),"") -> 장거리버스/코치 | E42: 1 | F42: 광주광역시 서구 죽봉대로 73 | G42: 전북 전주시 완산구 팔달로 212-3 | I42: =IF(SUM(J42:U42)=0,"",SUM(J42:U42)) -> 2 | N42: 1 | P42: 1 | W42: 0.00010385 | X42: 0.042922657 | Y42: 고속버스
B43: 대한민국 | C43: 광주전북지부 | D43: =IFERROR(INDEX(회사별_교통수단매핑!$C$2:$C$1000,MATCH(1,INDEX(($C$14=회사별_교통수단매핑!$A$2:$A$1000)*($Y43=회사별_교통수단매핑!$B$2:$B$1000),0),0)),"") -> 장거리버스/코치 | E43: 1 | F43: 광주광역시 서구 죽봉대로 74 | G43: 전북 전주시 완산구 홍산로 111 | I43: =IF(SUM(J43:U43)=0,"",SUM(J43:U43)) -> 1 | N43: 1 | W43: 0.00010385 | X43: 0.021461329 | Y43: 고속버스
B44: 대한민국 | C44: 광주전북지부 | D44: =IFERROR(INDEX(회사별_교통수단매핑!$C$2:$C$1000,MATCH(1,INDEX(($C$14=회사별_교통수단매핑!$A$2:$A$1000)*($Y44=회사별_교통수단매핑!$B$2:$B$1000),0),0)),"") -> 장거리버스/코치 | E44: 1 | F44: 광주광역시 서구 죽봉대로 75 | G44: 전북 전주시 완산구 효자동1가 | I44: =IF(SUM(J44:U44)=0,"",SUM(J44:U44)) -> 1 | T44: 1 | W44: 0.00010385 | X44: 0.021461329 | Y44: 고속버스
B45: 대한민국 | C45: 광주전북지부 | D45: =IFERROR(INDEX(회사별_교통수단매핑!$C$2:$C$1000,MATCH(1,INDEX(($C$14=회사별_교통수단매핑!$A$2:$A$1000)*($Y45=회사별_교통수단매핑!$B$2:$B$1000),0),0)),"") -> 장거리버스/코치 | E45: 1 | F45: 광주광역시 서구 죽봉대로 76 | G45: 전북 전주시 완산구 효자동3가 | I45: =IF(SUM(J45:U45)=0,"",SUM(J45:U45)) -> 1 | P45: 1 | W45: 0.00010385 | X45: 0.021461329 | Y45: 고속버스
B46: 대한민국 | C46: 광주전북지부 | D46: =IFERROR(INDEX(회사별_교통수단매핑!$C$2:$C$1000,MATCH(1,INDEX(($C$14=회사별_교통수단매핑!$A$2:$A$1000)*($Y46=회사별_교통수단매핑!$B$2:$B$1000),0),0)),"") -> 장거리버스/코치 | E46: 1 | F46: 광주광역시 서구 죽봉대로 77 | G46: 전북 전주시 완산구 효자로 225 | I46: =IF(SUM(J46:U46)=0,"",SUM(J46:U46)) -> 2 | O46: 1 | P46: 1 | W46: 0.00010385 | X46: 0.042922657 | Y46: 고속버스
B47: 대한민국 | C47: 광주전북지부 | D47: =IFERROR(INDEX(회사별_교통수단매핑!$C$2:$C$1000,MATCH(1,INDEX(($C$14=회사별_교통수단매핑!$A$2:$A$1000)*($Y47=회사별_교통수단매핑!$B$2:$B$1000),0),0)),"") -> 장거리버스/코치 | E47: 1 | F47: 광주광역시 서구 죽봉대로 78 | G47: 전북 정읍시 수성6로 29 | I47: =IF(SUM(J47:U47)=0,"",SUM(J47:U47)) -> 1 | P47: 1 | W47: 0.00010385 | X47: 0.01241632 | Y47: 고속버스
B48: 대한민국 | C48: 광주전북지부 | D48: =IFERROR(INDEX(회사별_교통수단매핑!$C$2:$C$1000,MATCH(1,INDEX(($C$14=회사별_교통수단매핑!$A$2:$A$1000)*($Y48=회사별_교통수단매핑!$B$2:$B$1000),0),0)),"") -> 장거리버스/코치 | E48: 1 | F48: 광주광역시 서구 죽봉대로 79 | G48: 전북도 전주시 덕진구 명주5길 11 | I48: =IF(SUM(J48:U48)=0,"",SUM(J48:U48)) -> 13 | N48: 1 | O48: 3 | Q48: 1 | R48: 2 | S48: 2 | T48: 2 | U48: 2 | W48: 0.00010385 | X48: 0.27899727 | Y48: 고속버스
B49: 대한민국 | C49: 광주전북지부 | D49: =IFERROR(INDEX(회사별_교통수단매핑!$C$2:$C$1000,MATCH(1,INDEX(($C$14=회사별_교통수단매핑!$A$2:$A$1000)*($Y49=회사별_교통수단매핑!$B$2:$B$1000),0),0)),"") -> 장거리버스/코치 | E49: 1 | F49: 광주광역시 서구 죽봉대로 80 | G49: 전북특별자치도 김제시 모악 15길 1 | I49: =IF(SUM(J49:U49)=0,"",SUM(J49:U49)) -> 1 | S49: 1 | W49: 0.00010385 | X49: 0.019450935 | Y49: 고속버스
B50: 대한민국 | C50: 광주전북지부 | D50: =IFERROR(INDEX(회사별_교통수단매핑!$C$2:$C$1000,MATCH(1,INDEX(($C$14=회사별_교통수단매핑!$A$2:$A$1000)*($Y50=회사별_교통수단매핑!$B$2:$B$1000),0),0)),"") -> 장거리버스/코치 | E50: 1 | F50: 광주광역시 서구 죽봉대로 81 | G50: 전북특별자치도 남원시 산성길 87 | I50: =IF(SUM(J50:U50)=0,"",SUM(J50:U50)) -> 6 | K50: 1 | N50: 1 | P50: 2 | Q50: 1 | T50: 1 | W50: 0.00010385 | X50: 0.094852682 | Y50: 고속버스
B51: 대한민국 | C51: 광주전북지부 | D51: =IFERROR(INDEX(회사별_교통수단매핑!$C$2:$C$1000,MATCH(1,INDEX(($C$14=회사별_교통수단매핑!$A$2:$A$1000)*($Y51=회사별_교통수단매핑!$B$2:$B$1000),0),0)),"") -> 장거리버스/코치 | E51: 1 | F51: 광주광역시 서구 죽봉대로 82 | G51: 전북특별자치도 전주시 덕진구 백제대로 567 | I51: =IF(SUM(J51:U51)=0,"",SUM(J51:U51)) -> 1 | T51: 1 | W51: 0.00010385 | X51: 0.021461329 | Y51: 고속버스
B52: 대한민국 | C52: 광주전북지부 | D52: =IFERROR(INDEX(회사별_교통수단매핑!$C$2:$C$1000,MATCH(1,INDEX(($C$14=회사별_교통수단매핑!$A$2:$A$1000)*($Y52=회사별_교통수단매핑!$B$2:$B$1000),0),0)),"") -> 장거리버스/코치 | E52: 1 | F52: 광주광역시 서구 죽봉대로 83 | G52: 전북특별자치도 전주시 완산구 현무1길 20 | I52: =IF(SUM(J52:U52)=0,"",SUM(J52:U52)) -> 2 | M52: 1 | O52: 1 | W52: 0.00010385 | X52: 0.042922657 | Y52: 고속버스
B53: 대한민국 | C53: 광주전북지부 | D53: =IFERROR(INDEX(회사별_교통수단매핑!$C$2:$C$1000,MATCH(1,INDEX(($C$14=회사별_교통수단매핑!$A$2:$A$1000)*($Y53=회사별_교통수단매핑!$B$2:$B$1000),0),0)),"") -> 장거리버스/코치 | E53: 1 | F53: 광주광역시 서구 죽봉대로 84 | G53: 충남 공주시 반포면 가마봉길 100 | I53: =IF(SUM(J53:U53)=0,"",SUM(J53:U53)) -> 1 | N53: 1 | W53: 0.00010385 | X53: 0.039958046 | Y53: 고속버스
B54: 대한민국 | C54: 광주전북지부 | D54: =IFERROR(INDEX(회사별_교통수단매핑!$C$2:$C$1000,MATCH(1,INDEX(($C$14=회사별_교통수단매핑!$A$2:$A$1000)*($Y54=회사별_교통수단매핑!$B$2:$B$1000),0),0)),"") -> 장거리버스/코치 | E54: 1 | F54: 광주광역시 서구 죽봉대로 85 | G54: 충청남도 논산시 양촌면 황산벌로 1040 | I54: =IF(SUM(J54:U54)=0,"",SUM(J54:U54)) -> 4 | K54: 1 | M54: 1 | S54: 1 | T54: 1 | W54: 0.00010385 | X54: 0.1262994 | Y54: 고속버스
B55: 대한민국 | C55: 광주전북지부 | D55: =IFERROR(INDEX(회사별_교통수단매핑!$C$2:$C$1000,MATCH(1,INDEX(($C$14=회사별_교통수단매핑!$A$2:$A$1000)*($Y55=회사별_교통수단매핑!$B$2:$B$1000),0),0)),"") -> 장거리버스/코치 | E55: 1 | F55: 광주광역시 서구 죽봉대로 86 | G55: 충청북도 제천시 청풍면 청풍호로 1798 | I55: =IF(SUM(J55:U55)=0,"",SUM(J55:U55)) -> 2 | M55: 2 | W55: 0.00010385 | X55: 0.13565864 | Y55: 고속버스
B56: 대한민국 | C56: 광주전북지부 | D56: =IFERROR(INDEX(회사별_교통수단매핑!$C$2:$C$1000,MATCH(1,INDEX(($C$14=회사별_교통수단매핑!$A$2:$A$1000)*($Y56=회사별_교통수단매핑!$B$2:$B$1000),0),0)),"") -> 국내선 항공 | E56: 1 | F56: 광주광역시 서구 죽봉대로 87 | G56: 제주 서귀포시 법환동 | I56: =IF(SUM(J56:U56)=0,"",SUM(J56:U56)) -> 1 | L56: 1 | W56: 0.00014253 | X56: 0.058236715 | Y56: 국내선 항공
B57: 대한민국 | C57: 광주전북지부 | D57: =IFERROR(INDEX(회사별_교통수단매핑!$C$2:$C$1000,MATCH(1,INDEX(($C$14=회사별_교통수단매핑!$A$2:$A$1000)*($Y57=회사별_교통수단매핑!$B$2:$B$1000),0),0)),"") -> 국내선 항공 | E57: 1 | F57: 광주광역시 서구 죽봉대로 88 | G57: 제주 서귀포시 토평동 | I57: =IF(SUM(J57:U57)=0,"",SUM(J57:U57)) -> 1 | R57: 1 | W57: 0.00014253 | X57: 0.058236715 | Y57: 국내선 항공
B58: 대한민국 | C58: 광주전북지부 | D58: =IFERROR(INDEX(회사별_교통수단매핑!$C$2:$C$1000,MATCH(1,INDEX(($C$14=회사별_교통수단매핑!$A$2:$A$1000)*($Y58=회사별_교통수단매핑!$B$2:$B$1000),0),0)),"") -> 국내선 항공 | E58: 1 | F58: 광주광역시 서구 죽봉대로 89 | G58: 제주특별자치도 서귀포시 서호중앙로 63 | I58: =IF(SUM(J58:U58)=0,"",SUM(J58:U58)) -> 2 | L58: 2 | W58: 0.00014253 | X58: 0.11647343 | Y58: 국내선 항공
B59: 대한민국 | C59: 광주전북지부 | D59: =IFERROR(INDEX(회사별_교통수단매핑!$C$2:$C$1000,MATCH(1,INDEX(($C$14=회사별_교통수단매핑!$A$2:$A$1000)*($Y59=회사별_교통수단매핑!$B$2:$B$1000),0),0)),"") -> 승용차(평균) | E59: 1 | F59: 광주광역시 서구 죽봉대로 90 | G59: 전남 강진군 도암면 다산인재길 10 | I59: =IF(SUM(J59:U59)=0,"",SUM(J59:U59)) -> 1 | R59: 1 | W59: 0.00017304 | X59: 0.025782856 | Y59: 자동차
B60: 대한민국 | C60: 광주전북지부 | D60: =IFERROR(INDEX(회사별_교통수단매핑!$C$2:$C$1000,MATCH(1,INDEX(($C$14=회사별_교통수단매핑!$A$2:$A$1000)*($Y60=회사별_교통수단매핑!$B$2:$B$1000),0),0)),"") -> 승용차(평균) | E60: 1 | F60: 광주광역시 서구 죽봉대로 91 | G60: 전남 무안군 삼향읍 | I60: =IF(SUM(J60:U60)=0,"",SUM(J60:U60)) -> 1 | U60: 1 | W60: 0.00017304 | X60: 0.009447984 | Y60: 자동차
B61: 대한민국 | C61: 광주전북지부 | D61: =IFERROR(INDEX(회사별_교통수단매핑!$C$2:$C$1000,MATCH(1,INDEX(($C$14=회사별_교통수단매핑!$A$2:$A$1000)*($Y61=회사별_교통수단매핑!$B$2:$B$1000),0),0)),"") -> 승용차(평균) | E61: 1 | F61: 광주광역시 서구 죽봉대로 92 | G61: 전라남도 무안군 망운면 공항로 970-260 | I61: =IF(SUM(J61:U61)=0,"",SUM(J61:U61)) -> 1 | J61: 1 | W61: 0.00017304 | X61: 0.016059067 | Y61: 자동차
B62: 대한민국 | C62: 광주전북지부 | D62: =IFERROR(INDEX(회사별_교통수단매핑!$C$2:$C$1000,MATCH(1,INDEX(($C$14=회사별_교통수단매핑!$A$2:$A$1000)*($Y62=회사별_교통수단매핑!$B$2:$B$1000),0),0)),"") -> 승용차(평균) | E62: 1 | F62: 광주광역시 서구 죽봉대로 93 | G62: 전북 고창군 고창읍 석정2로 179 | I62: =IF(SUM(J62:U62)=0,"",SUM(J62:U62)) -> 2 | P62: 1 | T62: 1 | W62: 0.00017304 | X62: 0.029837131 | Y62: 자동차
B63: 대한민국 | C63: 광주전북지부 | D63: =IFERROR(INDEX(회사별_교통수단매핑!$C$2:$C$1000,MATCH(1,INDEX(($C$14=회사별_교통수단매핑!$A$2:$A$1000)*($Y63=회사별_교통수단매핑!$B$2:$B$1000),0),0)),"") -> 승용차(평균) | E63: 1 | F63: 광주광역시 서구 죽봉대로 94 | G63: 전북 전주시 덕진구 중동 772-408 | I63: =IF(SUM(J63:U63)=0,"",SUM(J63:U63)) -> 2 | M63: 2 | W63: 0.00017304 | X63: 0.071519852 | Y63: 자동차
B64: 대한민국 | C64: 광주전북지부 | D64: =IFERROR(INDEX(회사별_교통수단매핑!$C$2:$C$1000,MATCH(1,INDEX(($C$14=회사별_교통수단매핑!$A$2:$A$1000)*($Y64=회사별_교통수단매핑!$B$2:$B$1000),0),0)),"") -> 승용차(평균) | E64: 1 | F64: 광주광역시 서구 죽봉대로 95 | G64: 전북특별자치도 남원시 산성길 87 | I64: =IF(SUM(J64:U64)=0,"",SUM(J64:U64)) -> 1 | N64: 1 | W64: 0.00017304 | X64: 0.026341371 | Y64: 자동차
B65: 대한민국 | C65: 광주전북지부 | D65: =IFERROR(INDEX(회사별_교통수단매핑!$C$2:$C$1000,MATCH(1,INDEX(($C$14=회사별_교통수단매핑!$A$2:$A$1000)*($Y65=회사별_교통수단매핑!$B$2:$B$1000),0),0)),"") -> 승용차(평균) | E65: 1 | F65: 광주광역시 서구 죽봉대로 96 | G65: 전북특별자치도 전주시 완산구 효자로 225 | I65: =IF(SUM(J65:U65)=0,"",SUM(J65:U65)) -> 1 | O65: 1 | W65: 0.00017304 | X65: 0.035759926 | Y65: 자동차
B66: 대한민국 | C66: 광주전북지부 | D66: =IFERROR(INDEX(회사별_교통수단매핑!$C$2:$C$1000,MATCH(1,INDEX(($C$14=회사별_교통수단매핑!$A$2:$A$1000)*($Y66=회사별_교통수단매핑!$B$2:$B$1000),0),0)),"") -> 철도/KTX/SRT | E66: 1 | F66: 광주광역시 서구 죽봉대로 97 | G66: 경기도 고양시 일산서구 킨텍스로 217-60 | I66: =IF(SUM(J66:U66)=0,"",SUM(J66:U66)) -> 1 | L66: 1 | W66: 3.546e-05 | X66: 0.023631655 | Y66: 철도(KTX/SRT)
B67: 대한민국 | C67: 광주전북지부 | D67: =IFERROR(INDEX(회사별_교통수단매핑!$C$2:$C$1000,MATCH(1,INDEX(($C$14=회사별_교통수단매핑!$A$2:$A$1000)*($Y67=회사별_교통수단매핑!$B$2:$B$1000),0),0)),"") -> 철도/KTX/SRT | E67: 1 | F67: 광주광역시 서구 죽봉대로 98 | G67: 서울 강남구 남부순환로 3104 | I67: =IF(SUM(J67:U67)=0,"",SUM(J67:U67)) -> 1 | R67: 1 | W67: 3.546e-05 | X67: 0.022795218 | Y67: 철도(KTX/SRT)
B68: 대한민국 | C68: 광주전북지부 | D68: =IFERROR(INDEX(회사별_교통수단매핑!$C$2:$C$1000,MATCH(1,INDEX(($C$14=회사별_교통수단매핑!$A$2:$A$1000)*($Y68=회사별_교통수단매핑!$B$2:$B$1000),0),0)),"") -> 철도/KTX/SRT | E68: 1 | F68: 광주광역시 서구 죽봉대로 99 | G68: 서울 서대문구 통일로 135 | I68: =IF(SUM(J68:U68)=0,"",SUM(J68:U68)) -> 1 | O68: 1 | W68: 3.546e-05 | X68: 0.022795218 | Y68: 철도(KTX/SRT)
B69: 대한민국 | C69: 광주전북지부 | D69: =IFERROR(INDEX(회사별_교통수단매핑!$C$2:$C$1000,MATCH(1,INDEX(($C$14=회사별_교통수단매핑!$A$2:$A$1000)*($Y69=회사별_교통수단매핑!$B$2:$B$1000),0),0)),"") -> 철도/KTX/SRT | E69: 1 | F69: 광주광역시 서구 죽봉대로 100 | G69: 서울 서초구 반포대로 217 | I69: =IF(SUM(J69:U69)=0,"",SUM(J69:U69)) -> 1 | S69: 1 | W69: 3.546e-05 | X69: 0.022795218 | Y69: 철도(KTX/SRT)
B70: 대한민국 | C70: 광주전북지부 | D70: =IFERROR(INDEX(회사별_교통수단매핑!$C$2:$C$1000,MATCH(1,INDEX(($C$14=회사별_교통수단매핑!$A$2:$A$1000)*($Y70=회사별_교통수단매핑!$B$2:$B$1000),0),0)),"") -> 철도/KTX/SRT | E70: 1 | F70: 광주광역시 서구 죽봉대로 101 | G70: 서울특별시 강남구 언주로 508 | I70: =IF(SUM(J70:U70)=0,"",SUM(J70:U70)) -> 14 | J70: 1 | L70: 1 | M70: 2 | N70: 2 | O70: 1 | P70: 1 | R70: 2 | T70: 3 | U70: 1 | W70: 3.546e-05 | X70: 0.31913305 | Y70: 철도(KTX/SRT)
B71: 대한민국 | C71: 광주전북지부 | D71: =IFERROR(INDEX(회사별_교통수단매핑!$C$2:$C$1000,MATCH(1,INDEX(($C$14=회사별_교통수단매핑!$A$2:$A$1000)*($Y71=회사별_교통수단매핑!$B$2:$B$1000),0),0)),"") -> 철도/KTX/SRT | E71: 1 | F71: 광주광역시 서구 죽봉대로 102 | G71: 서울특별시 용산구 한강대로23길 55 | I71: =IF(SUM(J71:U71)=0,"",SUM(J71:U71)) -> 1 | T71: 1 | W71: 3.546e-05 | X71: 0.022795218 | Y71: 철도(KTX/SRT)
B72: 대한민국 | C72: 광주전북지부 | D72: =IFERROR(INDEX(회사별_교통수단매핑!$C$2:$C$1000,MATCH(1,INDEX(($C$14=회사별_교통수단매핑!$A$2:$A$1000)*($Y72=회사별_교통수단매핑!$B$2:$B$1000),0),0)),"") -> 철도/KTX/SRT | E72: 1 | F72: 광주광역시 서구 죽봉대로 103 | G72: 전북 군산시 사옥로 69 | I72: =IF(SUM(J72:U72)=0,"",SUM(J72:U72)) -> 1 | S72: 1 | W72: 3.546e-05 | X72: 0.0077029581 | Y72: 철도(KTX/SRT)
B73: 대한민국 | C73: 광주전북지부 | D73: =IFERROR(INDEX(회사별_교통수단매핑!$C$2:$C$1000,MATCH(1,INDEX(($C$14=회사별_교통수단매핑!$A$2:$A$1000)*($Y73=회사별_교통수단매핑!$B$2:$B$1000),0),0)),"") -> 철도/KTX/SRT | E73: 1 | F73: 광주광역시 서구 죽봉대로 104 | G73: 전북특별자치도 전주시 완산구 효자로 225 | I73: =IF(SUM(J73:U73)=0,"",SUM(J73:U73)) -> 1 | O73: 1 | W73: 3.546e-05 | X73: 0.0067643602 | Y73: 철도(KTX/SRT)
B74: 대한민국 | C74: 광주전북지부 | D74: =IFERROR(INDEX(회사별_교통수단매핑!$C$2:$C$1000,MATCH(1,INDEX(($C$14=회사별_교통수단매핑!$A$2:$A$1000)*($Y74=회사별_교통수단매핑!$B$2:$B$1000),0),0)),"") -> 철도/KTX/SRT | E74: 1 | F74: 광주광역시 서구 죽봉대로 105 | G74: 충청남도 천안시 동남구 수신면 수신로 576 | I74: =IF(SUM(J74:U74)=0,"",SUM(J74:U74)) -> 1 | L74: 1 | W74: 3.546e-05 | X74: 0.01581826 | Y74: 철도(KTX/SRT)
B75: 대한민국 | C75: 대구지부 | D75: =IFERROR(INDEX(회사별_교통수단매핑!$C$2:$C$1000,MATCH(1,INDEX(($C$14=회사별_교통수단매핑!$A$2:$A$1000)*($Y75=회사별_교통수단매핑!$B$2:$B$1000),0),0)),"") -> 장거리버스/코치 | E75: 1 | F75: 대구광역시 중구 대봉로 260 | G75: 경상북도 예천군 호명읍 행복로 15 | I75: =IF(SUM(J75:U75)=0,"",SUM(J75:U75)) -> 2 | T75: 1 | U75: 1 | W75: 0.00010385 | X75: 0.047118765 | Y75: 고속버스
B76: 대한민국 | C76: 대구지부 | D76: =IFERROR(INDEX(회사별_교통수단매핑!$C$2:$C$1000,MATCH(1,INDEX(($C$14=회사별_교통수단매핑!$A$2:$A$1000)*($Y76=회사별_교통수단매핑!$B$2:$B$1000),0),0)),"") -> 국내선 항공 | E76: 1 | F76: 대구광역시 중구 대봉로 260 | G76: 제주특별자치도 서귀포시 서호중앙로 63 | I76: =IF(SUM(J76:U76)=0,"",SUM(J76:U76)) -> 1 | L76: 1 | W76: 0.00014253 | X76: 0.10163209 | Y76: 국내선 항공
B77: 대한민국 | C77: 대구지부 | D77: =IFERROR(INDEX(회사별_교통수단매핑!$C$2:$C$1000,MATCH(1,INDEX(($C$14=회사별_교통수단매핑!$A$2:$A$1000)*($Y77=회사별_교통수단매핑!$B$2:$B$1000),0),0)),"") -> 승용차(평균) | E77: 1 | F77: 대구광역시 중구 대봉로 260 | G77: 경남 창원시 마산합포구 노산서 18길 141 | I77: =IF(SUM(J77:U77)=0,"",SUM(J77:U77)) -> 1 | J77: 1 | W77: 0.00017304 | X77: 0.032279541 | Y77: 자동차
B78: 대한민국 | C78: 대구지부 | D78: =IFERROR(INDEX(회사별_교통수단매핑!$C$2:$C$1000,MATCH(1,INDEX(($C$14=회사별_교통수단매핑!$A$2:$A$1000)*($Y78=회사별_교통수단매핑!$B$2:$B$1000),0),0)),"") -> 승용차(평균) | E78: 1 | F78: 대구광역시 중구 대봉로 260 | G78: 경북 경주시 화랑로 89 | I78: =IF(SUM(J78:U78)=0,"",SUM(J78:U78)) -> 1 | M78: 1 | W78: 0.00017304 | X78: 0.025330752 | Y78: 자동차
B79: 대한민국 | C79: 대구지부 | D79: =IFERROR(INDEX(회사별_교통수단매핑!$C$2:$C$1000,MATCH(1,INDEX(($C$14=회사별_교통수단매핑!$A$2:$A$1000)*($Y79=회사별_교통수단매핑!$B$2:$B$1000),0),0)),"") -> 승용차(평균) | E79: 1 | F79: 대구광역시 중구 대봉로 260 | G79: 경북 안동시 육사로 205 | I79: =IF(SUM(J79:U79)=0,"",SUM(J79:U79)) -> 1 | M79: 1 | W79: 0.00017304 | X79: 0.034919736 | Y79: 자동차
B80: 대한민국 | C80: 대구지부 | D80: =IFERROR(INDEX(회사별_교통수단매핑!$C$2:$C$1000,MATCH(1,INDEX(($C$14=회사별_교통수단매핑!$A$2:$A$1000)*($Y80=회사별_교통수단매핑!$B$2:$B$1000),0),0)),"") -> 승용차(평균) | E80: 1 | F80: 대구광역시 중구 대봉로 260 | G80: 경북 안동시 일직면 국곡리 | I80: =IF(SUM(J80:U80)=0,"",SUM(J80:U80)) -> 1 | M80: 1 | W80: 0.00017304 | X80: 0.034919736 | Y80: 자동차
B81: 대한민국 | C81: 대구지부 | D81: =IFERROR(INDEX(회사별_교통수단매핑!$C$2:$C$1000,MATCH(1,INDEX(($C$14=회사별_교통수단매핑!$A$2:$A$1000)*($Y81=회사별_교통수단매핑!$B$2:$B$1000),0),0)),"") -> 승용차(평균) | E81: 1 | F81: 대구광역시 중구 대봉로 260 | G81: 경북 안동시 일직면 중앙통길 12 | I81: =IF(SUM(J81:U81)=0,"",SUM(J81:U81)) -> 1 | T81: 1 | W81: 0.00017304 | X81: 0.034919736 | Y81: 자동차
B82: 대한민국 | C82: 대구지부 | D82: =IFERROR(INDEX(회사별_교통수단매핑!$C$2:$C$1000,MATCH(1,INDEX(($C$14=회사별_교통수단매핑!$A$2:$A$1000)*($Y82=회사별_교통수단매핑!$B$2:$B$1000),0),0)),"") -> 승용차(평균) | E82: 1 | F82: 대구광역시 중구 대봉로 260 | G82: 경북 안동시 풍천면 | I82: =IF(SUM(J82:U82)=0,"",SUM(J82:U82)) -> 2 | O82: 1 | Q82: 1 | W82: 0.00017304 | X82: 0.069839471 | Y82: 자동차
B83: 대한민국 | C83: 대구지부 | D83: =IFERROR(INDEX(회사별_교통수단매핑!$C$2:$C$1000,MATCH(1,INDEX(($C$14=회사별_교통수단매핑!$A$2:$A$1000)*($Y83=회사별_교통수단매핑!$B$2:$B$1000),0),0)),"") -> 승용차(평균) | E83: 1 | F83: 대구광역시 중구 대봉로 260 | G83: 경북 칠곡군 동명면 한티로 586 | I83: =IF(SUM(J83:U83)=0,"",SUM(J83:U83)) -> 1 | U83: 1 | W83: 0.00017304 | X83: 0.010204417 | Y83: 자동차
B84: 대한민국 | C84: 대구지부 | D84: =IFERROR(INDEX(회사별_교통수단매핑!$C$2:$C$1000,MATCH(1,INDEX(($C$14=회사별_교통수단매핑!$A$2:$A$1000)*($Y84=회사별_교통수단매핑!$B$2:$B$1000),0),0)),"") -> 승용차(평균) | E84: 1 | F84: 대구광역시 중구 대봉로 260 | G84: 부산 해운대구 APEC로 55 | I84: =IF(SUM(J84:U84)=0,"",SUM(J84:U84)) -> 1 | P84: 1 | W84: 0.00017304 | X84: 0.039549462 | Y84: 자동차
B85: 대한민국 | C85: 대구지부 | D85: =IFERROR(INDEX(회사별_교통수단매핑!$C$2:$C$1000,MATCH(1,INDEX(($C$14=회사별_교통수단매핑!$A$2:$A$1000)*($Y85=회사별_교통수단매핑!$B$2:$B$1000),0),0)),"") -> 철도/KTX/SRT | E85: 1 | F85: 대구광역시 중구 대봉로 260 | G85: 서울 강남구 남부순환로 3104 | I85: =IF(SUM(J85:U85)=0,"",SUM(J85:U85)) -> 1 | R85: 1 | W85: 3.546e-05 | X85: 0.020216301 | Y85: 철도(KTX/SRT)
B86: 대한민국 | C86: 대구지부 | D86: =IFERROR(INDEX(회사별_교통수단매핑!$C$2:$C$1000,MATCH(1,INDEX(($C$14=회사별_교통수단매핑!$A$2:$A$1000)*($Y86=회사별_교통수단매핑!$B$2:$B$1000),0),0)),"") -> 철도/KTX/SRT | E86: 1 | F86: 대구광역시 중구 대봉로 260 | G86: 서울 서대문구 통일로 135 | I86: =IF(SUM(J86:U86)=0,"",SUM(J86:U86)) -> 1 | O86: 1 | W86: 3.546e-05 | X86: 0.020216301 | Y86: 철도(KTX/SRT)
B87: 대한민국 | C87: 대구지부 | D87: =IFERROR(INDEX(회사별_교통수단매핑!$C$2:$C$1000,MATCH(1,INDEX(($C$14=회사별_교통수단매핑!$A$2:$A$1000)*($Y87=회사별_교통수단매핑!$B$2:$B$1000),0),0)),"") -> 철도/KTX/SRT | E87: 1 | F87: 대구광역시 중구 대봉로 260 | G87: 서울특별시 강남구 언주로 508 | I87: =IF(SUM(J87:U87)=0,"",SUM(J87:U87)) -> 11 | J87: 1 | L87: 1 | N87: 2 | P87: 1 | T87: 5 | U87: 1 | W87: 3.546e-05 | X87: 0.22237931 | Y87: 철도(KTX/SRT)
B88: 대한민국 | C88: 대구지부 | D88: =IFERROR(INDEX(회사별_교통수단매핑!$C$2:$C$1000,MATCH(1,INDEX(($C$14=회사별_교통수단매핑!$A$2:$A$1000)*($Y88=회사별_교통수단매핑!$B$2:$B$1000),0),0)),"") -> 철도/KTX/SRT | E88: 1 | F88: 대구광역시 중구 대봉로 260 | G88: 서울특별시 용산구 한강대로23길 55 | I88: =IF(SUM(J88:U88)=0,"",SUM(J88:U88)) -> 1 | T88: 1 | W88: 3.546e-05 | X88: 0.020216301 | Y88: 철도(KTX/SRT)
B89: 대한민국 | C89: 부산지부 | D89: =IFERROR(INDEX(회사별_교통수단매핑!$C$2:$C$1000,MATCH(1,INDEX(($C$14=회사별_교통수단매핑!$A$2:$A$1000)*($Y89=회사별_교통수단매핑!$B$2:$B$1000),0),0)),"") -> 장거리버스/코치 | E89: 1 | F89: 부산광역시 동구 부산진성공원로 23 | G89: 경남 거제시 일운면 거제대로2660 | I89: =IF(SUM(J89:U89)=0,"",SUM(J89:U89)) -> 2 | N89: 2 | W89: 0.00010385 | X89: 0.028679772 | Y89: 고속버스
B90: 대한민국 | C90: 부산지부 | D90: =IFERROR(INDEX(회사별_교통수단매핑!$C$2:$C$1000,MATCH(1,INDEX(($C$14=회사별_교통수단매핑!$A$2:$A$1000)*($Y90=회사별_교통수단매핑!$B$2:$B$1000),0),0)),"") -> 장거리버스/코치 | E90: 1 | F90: 부산광역시 동구 부산진성공원로 23 | G90: 경남 진주시 월아산로 2026 | I90: =IF(SUM(J90:U90)=0,"",SUM(J90:U90)) -> 6 | L90: 3 | M90: 1 | P90: 1 | T90: 1 | W90: 0.00010385 | X90: 0.14273277 | Y90: 고속버스
B91: 대한민국 | C91: 부산지부 | D91: =IFERROR(INDEX(회사별_교통수단매핑!$C$2:$C$1000,MATCH(1,INDEX(($C$14=회사별_교통수단매핑!$A$2:$A$1000)*($Y91=회사별_교통수단매핑!$B$2:$B$1000),0),0)),"") -> 장거리버스/코치 | E91: 1 | F91: 부산광역시 동구 부산진성공원로 23 | G91: 경남 창원시 마산합포구 노산서 18길 141 | I91: =IF(SUM(J91:U91)=0,"",SUM(J91:U91)) -> 4 | P91: 1 | S91: 1 | T91: 1 | U91: 1 | W91: 0.00010385 | X91: 0.039113777 | Y91: 고속버스
B92: 대한민국 | C92: 부산지부 | D92: =IFERROR(INDEX(회사별_교통수단매핑!$C$2:$C$1000,MATCH(1,INDEX(($C$14=회사별_교통수단매핑!$A$2:$A$1000)*($Y92=회사별_교통수단매핑!$B$2:$B$1000),0),0)),"") -> 장거리버스/코치 | E92: 1 | F92: 부산광역시 동구 부산진성공원로 23 | G92: 경남 창원시 의창구 팔용동 | I92: =IF(SUM(J92:U92)=0,"",SUM(J92:U92)) -> 1 | T92: 1 | W92: 0.00010385 | X92: 0.0097784443 | Y92: 고속버스
B93: 대한민국 | C93: 부산지부 | D93: =IFERROR(INDEX(회사별_교통수단매핑!$C$2:$C$1000,MATCH(1,INDEX(($C$14=회사별_교통수단매핑!$A$2:$A$1000)*($Y93=회사별_교통수단매핑!$B$2:$B$1000),0),0)),"") -> 장거리버스/코치 | E93: 1 | F93: 부산광역시 동구 부산진성공원로 23 | G93: 경상남도 김해시 | I93: =IF(SUM(J93:U93)=0,"",SUM(J93:U93)) -> 1 | T93: 1 | W93: 0.00010385 | X93: 0.0047865331 | Y93: 고속버스
B94: 대한민국 | C94: 부산지부 | D94: =IFERROR(INDEX(회사별_교통수단매핑!$C$2:$C$1000,MATCH(1,INDEX(($C$14=회사별_교통수단매핑!$A$2:$A$1000)*($Y94=회사별_교통수단매핑!$B$2:$B$1000),0),0)),"") -> 장거리버스/코치 | E94: 1 | F94: 부산광역시 동구 부산진성공원로 23 | G94: 울산 남구 삼산로 204 | I94: =IF(SUM(J94:U94)=0,"",SUM(J94:U94)) -> 1 | M94: 1 | W94: 0.00010385 | X94: 0.012228393 | Y94: 고속버스
B95: 대한민국 | C95: 부산지부 | D95: =IFERROR(INDEX(회사별_교통수단매핑!$C$2:$C$1000,MATCH(1,INDEX(($C$14=회사별_교통수단매핑!$A$2:$A$1000)*($Y95=회사별_교통수단매핑!$B$2:$B$1000),0),0)),"") -> 장거리버스/코치 | E95: 1 | F95: 부산광역시 동구 부산진성공원로 23 | G95: 울산 북구 진장유통로16 | I95: =IF(SUM(J95:U95)=0,"",SUM(J95:U95)) -> 1 | M95: 1 | W95: 0.00010385 | X95: 0.055125846 | Y95: 고속버스
B96: 대한민국 | C96: 부산지부 | D96: =IFERROR(INDEX(회사별_교통수단매핑!$C$2:$C$1000,MATCH(1,INDEX(($C$14=회사별_교통수단매핑!$A$2:$A$1000)*($Y96=회사별_교통수단매핑!$B$2:$B$1000),0),0)),"") -> 장거리버스/코치 | E96: 1 | F96: 부산광역시 동구 부산진성공원로 23 | G96: 울산 중구 남외동 | I96: =IF(SUM(J96:U96)=0,"",SUM(J96:U96)) -> 1 | M96: 1 | W96: 0.00010385 | X96: 0.012228393 | Y96: 고속버스
B97: 대한민국 | C97: 부산지부 | D97: =IFERROR(INDEX(회사별_교통수단매핑!$C$2:$C$1000,MATCH(1,INDEX(($C$14=회사별_교통수단매핑!$A$2:$A$1000)*($Y97=회사별_교통수단매핑!$B$2:$B$1000),0),0)),"") -> 장거리버스/코치 | E97: 1 | F97: 부산광역시 동구 부산진성공원로 23 | G97: 울산광역시 남구 대학로 93 | I97: =IF(SUM(J97:U97)=0,"",SUM(J97:U97)) -> 1 | S97: 1 | W97: 0.00010385 | X97: 0.012228393 | Y97: 고속버스
B98: 대한민국 | C98: 부산지부 | D98: =IFERROR(INDEX(회사별_교통수단매핑!$C$2:$C$1000,MATCH(1,INDEX(($C$14=회사별_교통수단매핑!$A$2:$A$1000)*($Y98=회사별_교통수단매핑!$B$2:$B$1000),0),0)),"") -> 국내선 항공 | E98: 1 | F98: 부산광역시 동구 부산진성공원로 23 | G98: 제주 서귀포시 막숙포로 118 | I98: =IF(SUM(J98:U98)=0,"",SUM(J98:U98)) -> 1 | L98: 1 | W98: 0.00014253 | X98: 0.090898333 | Y98: 국내선 항공
B99: 대한민국 | C99: 부산지부 | D99: =IFERROR(INDEX(회사별_교통수단매핑!$C$2:$C$1000,MATCH(1,INDEX(($C$14=회사별_교통수단매핑!$A$2:$A$1000)*($Y99=회사별_교통수단매핑!$B$2:$B$1000),0),0)),"") -> 국내선 항공 | E99: 1 | F99: 부산광역시 동구 부산진성공원로 23 | G99: 제주 서귀포시 색달동 | I99: =IF(SUM(J99:U99)=0,"",SUM(J99:U99)) -> 1 | M99: 1 | W99: 0.00014253 | X99: 0.090898333 | Y99: 국내선 항공
B100: 대한민국 | C100: 부산지부 | D100: =IFERROR(INDEX(회사별_교통수단매핑!$C$2:$C$1000,MATCH(1,INDEX(($C$14=회사별_교통수단매핑!$A$2:$A$1000)*($Y100=회사별_교통수단매핑!$B$2:$B$1000),0),0)),"") -> 국내선 항공 | E100: 1 | F100: 부산광역시 동구 부산진성공원로 23 | G100: 제주특별자치도 서귀포시 서호중앙로 63 | I100: =IF(SUM(J100:U100)=0,"",SUM(J100:U100)) -> 6 | L100: 2 | O100: 3 | P100: 1 | W100: 0.00014253 | X100: 0.54539 | Y100: 국내선 항공
B101: 대한민국 | C101: 부산지부 | D101: =IFERROR(INDEX(회사별_교통수단매핑!$C$2:$C$1000,MATCH(1,INDEX(($C$14=회사별_교통수단매핑!$A$2:$A$1000)*($Y101=회사별_교통수단매핑!$B$2:$B$1000),0),0)),"") -> 승용차(평균) | E101: 1 | F101: 부산광역시 동구 부산진성공원로 23 | G101: 경남 김해시 한림면 | I101: =IF(SUM(J101:U101)=0,"",SUM(J101:U101)) -> 1 | T101: 1 | W101: 0.00017304 | X101: 0.012597312 | Y101: 자동차
B102: 대한민국 | C102: 부산지부 | D102: =IFERROR(INDEX(회사별_교통수단매핑!$C$2:$C$1000,MATCH(1,INDEX(($C$14=회사별_교통수단매핑!$A$2:$A$1000)*($Y102=회사별_교통수단매핑!$B$2:$B$1000),0),0)),"") -> 승용차(평균) | E102: 1 | F102: 부산광역시 동구 부산진성공원로 23 | G102: 경남 사천시 용현면 시청로 77 | I102: =IF(SUM(J102:U102)=0,"",SUM(J102:U102)) -> 1 | O102: 1 | W102: 0.00017304 | X102: 0.042388162 | Y102: 자동차
B103: 대한민국 | C103: 부산지부 | D103: =IFERROR(INDEX(회사별_교통수단매핑!$C$2:$C$1000,MATCH(1,INDEX(($C$14=회사별_교통수단매핑!$A$2:$A$1000)*($Y103=회사별_교통수단매핑!$B$2:$B$1000),0),0)),"") -> 승용차(평균) | E103: 1 | F103: 부산광역시 동구 부산진성공원로 23 | G103: 경남 산천군 금서면 동의보감로 645-40 | I103: =IF(SUM(J103:U103)=0,"",SUM(J103:U103)) -> 1 | L103: 1 | W103: 0.00017304 | X103: 0.091853407 | Y103: 자동차
B104: 대한민국 | C104: 부산지부 | D104: =IFERROR(INDEX(회사별_교통수단매핑!$C$2:$C$1000,MATCH(1,INDEX(($C$14=회사별_교통수단매핑!$A$2:$A$1000)*($Y104=회사별_교통수단매핑!$B$2:$B$1000),0),0)),"") -> 승용차(평균) | E104: 1 | F104: 부산광역시 동구 부산진성공원로 23 | G104: 경남 양산시 중앙ㅇ로 33-2 | I104: =IF(SUM(J104:U104)=0,"",SUM(J104:U104)) -> 1 | M104: 1 | W104: 0.00017304 | X104: 0.0078953091 | Y104: 자동차
...

Sheet 배출계수_드롭다운
A1: DD_PURCHASE_GROUP | B1: DD_ENERGY | C1: DD_ENERGY_UNIT | D1: DD_TRANSPORT_DISTANCE | E1: DD_TRANSPORT_SPEND | F1: DD_TRAVEL_DISTANCE | G1: DD_TRAVEL_SPEND | H1: DD_WASTE_C5_TYPE | I1: DD_WASTE_METHOD | J1: DD_WASTE_UNIT | K1: DD_TRANSPORT_WEIGHT_UNIT | M1: C6/C7 거리기반 상세 매핑
A2: C1/C2 구매·자본재 품목군 | B2: C3/C8/C11/C13/C14 에너지명 | C2: 에너지 기준단위 | D2: C4/C9 거리기반 운송수단 | E2: C4/C9 금액기반 운송항목 | F2: C6/C7 거리기반 교통수단 | G2: C6 금액기반 출장항목 | H2: C5 폐기물 종류 | I2: 폐기물 처리방법 | J2: 폐기물 중량단위 | K2: 운송 중량단위 | M2: 표시값(드롭다운) | N2: 표준코드 | O2: DEFRA Type | P2: 매핑 키워드
A3: 원재료/부자재 | B3: 도시가스(LNG) | C3: kWh | D3: 도로 운송 (일반화물트럭) | E3: 항공 운송(여객·화물·전세) | F3: 항공(국제선 평균) | G3: 항공권(여객·전세) | H3: 음식물류 폐기물 | I3: 매립 | J3: kg | K3: kg | M3: 항공(국제선 평균) | N3: flight | O3: International, non-UK - Average passenger | P3: 항공,비행기,비행,airplane,flight,국제선,해외출장
A4: 포장재 | B4: 천연가스(LNG) | C4: GJ | D4: 도로 운송 (택배·소화물) | E4: 철도 운송 | F4: 국내선 항공 | G4: 택시·리무진 비용 | H4: 폐지류 | I4: 소각 | J4: ton | K4: ton | M4: 국내선 항공 | N4: flight_dom | O4: Domestic, to/from UK - Average | P4: 국내선,국내항공,국내비행,domestic
A5: 사무용품 | B5: CNG(차량) | C5: L | D5: 철도 운송 | E5: 해상 운송(원양) | F5: 페리 | G5: 시외버스·고속버스 요금 | H5: 폐플라스틱류 | I5: 재활용 | M5: 페리 | N5: ferry | O5: Average (all passenger) | P5: 페리,ferry,선박,배
A6: 탕비·식음료 | B6: LNG(차량) | C6: kg | D6: 해상 운송 (컨테이너선) | E6: 내륙 수로 화물 | F6: 버스 | G6: 기차·KTX 요금 | H6: 폐목재류 | I6: 기타 | M6: 버스 | N6: bus | O6: Average local bus | P6: 버스,bus,고속버스,시외버스,시내버스,광역버스,전세버스,셔틀
A7: IT장비 | B7: LPG(차량) | C7: Nm³ | D7: 해상 운송 (벌크선) | E7: 화물 트럭(지역·이사) | F7: 장거리버스/코치 | G7: 렌터카·렌트 트럭 | H7: 폐섬유류 | M7: 장거리버스/코치 | N7: coach | O7: Coach | P7: 코치,장거리버스,express bus
A8: 사무가구·비품 | B8: 도시가스(LPG) | D8: 항공 운송 | E8: 장거리 화물 트럭 (차량단위) | F8: 철도/KTX/SRT | G8: 숙박비(호텔·게스트하우스 등) | H8: 폐유리류 | M8: 철도/KTX/SRT | N8: train | O8: National rail | P8: 기차,KTX,SRT,ITX,새마을,무궁화,열차,철도
A9: 시설·유지보수 | B9: 액화석유가스(LPG) | D9: 내륙수로 운송 | E9: 장거리 화물 트럭 (혼재) | F9: 지하철/도시철도 | H9: 폐금속류 | M9: 지하철/도시철도 | N9: subway | O9: London Underground / Metro | P9: 지하철,subway,metro,전철,도시철도
A10: 외주·서비스 | B10: 경유 | E10: 특수화물 트럭 (장거리) | F10: 택시 | H10: 오니류 | M10: 택시 | N10: taxi | O10: Regular taxi | P10: 택시,taxi,cab,카카오t,카카오택시,우버,uber
A11: 에너지·유틸리티 | B11: 실내 등유 | E11: 복합 대중교통 | F11: 승용차(평균) | H11: 폐전기전자제품 | M11: 승용차(평균) | N11: car | O11: Average car | P11: 승용차,자가용,car,차량,렌터카,자동차
A12: 차량·운송장비 | B12: 항공유 | E12: 버스(대중교통·통근·전세) | F12: 하이브리드차 | H12: 폐배터리 | M12: 하이브리드차 | N12: car_hybrid | O12: PHEV - Method 2 | P12: 하이브리드,hybrid,HEV,PHEV,플러그인하이브리드
A13: 생산설비 | B13: 휘발유 | E13: 기타 도시교통 | F13: 전기차 | H13: 폐유류 | M13: 전기차 | N13: car_ev | O13: BEV | P13: 전기차,전기자동차,EV,BEV,테슬라,아이오닉,EV6
A14: 안전·위생 | B14: 전력 | E14: 도시간·농촌 버스 | F14: 오토바이 | H14: 폐콘크리트류 | M14: 오토바이 | N14: motorcycle | O14: Average | P14: 오토바이,motorcycle,바이크
A15: 건설자재 | B15: 열(스팀) | E15: 택시·리무진 | F15: 도보/자전거 | H15: 폐고무/피혁류 | M15: 도보/자전거 | N15: walk | O15: 도보·자전거 | P15: 도보,자전거,walk,bicycle,bike
A16: 통신·미디어 | B16: 선택안함 | E16: 원유 파이프라인 | H16: 지정폐기물
A17: 여행·숙박 | E17: 화물운송 주선 (포워딩) | H17: 기타
A18: 기타 | E18: 택배·퀵배송 | H18: [전체 평균]
A19: 선택안함 | E19: 지역 배달
A38: ※ 본 시트의 드롭다운 목록은 업로드된 「배출계수_통합_DB」의 각 시트 값을 기준으로 생성했습니다. 템플릿의 입력값과 DB 기준명이 다른 경우에는 「드롭다운_매핑검토」의 매핑표를 참고하세요.

Sheet 드롭다운_매핑검토
A1: 구분 | B1: 템플릿 시트/범위 | C1: 기존 드롭다운/예시값 | D1: DB 기준 변경값 | E1: 조치
A2: 구매/자본재 | B2: C1 D20:D219, C2 D20:D219 | C2: 기존 품목군/자산분류 일부 | D2: 구매_USEPA!품목군 기준 | E2: DB 품목군으로 통일
A3: 에너지 | B3: C3/C8/C11/C13/C14 에너지명 | C3: 전기, 스팀, LPG 등 | D3: 에너지!활동유형(에너지원) 기준 | E3: 전기→전력, 스팀→열(스팀), LPG→액화석유가스(LPG) 등 매핑
A4: 에너지 단위 | B4: 에너지 단위 컬럼 | C4: m3, Nm3 등 | D4: 에너지!투입량 기준단위 기준 | E4: Nm³ 등 DB 표기 통일
A5: 운송 거리기반 | B5: C4-1/C9-1 운송수단 | C5: 도로/해상/항공/철도 | D5: 운송!운송수단(EPD 원본명) 기준 | E5: 세부 EF 단위로 상세화 및 내륙수로 추가
A6: 운송 금액기반 | B6: C4-2/C9-2 운송수단 | C6: 도로/해상/항공/철도 | D6: 운송_Spend!한국어 품목명 기준 | E6: 화물트럭 운송, 정기 항공화물 등으로 상세화 → 이후 배출계수(EF)가 완전히 동일한 항목끼리 재통합 (27→17개, 배출계수_통합_DB.xlsx의 운송_Spend 시트도 동일 기준으로 병합)
A7: 출장/통근 거리기반 | B7: C6-1/C7 교통수단 | C7: 자동차, 철도(KTX/SRT) 등 | D7: 출장_통근!표준코드/키워드 기준 | E7: DB 표준코드와 연결되는 한국어 표시값으로 정리 → 실사용 데이터(공연공 실적 1,200여 행) 기준 33개 중 실제로 쓰인 건 9개뿐이라, 좌석등급·차량크기 등 세부 구분(비즈니스/이코노미, 소형/중형/대형 등)을 13개로 축소(파이프라인 TRAVEL_EF_MAP의 세부 EF 코드 자체는 그대로 보존, 드롭다운만 정리)
A8: 출장비 | B8: C6-2 출장항목 | C8: 항공/철도/택시/렌터카/숙박/기타 | D8: 출장_Spend!한국어 품목명 기준 | E8: 여객 항공권, 기차·KTX 요금 등으로 상세화 → EF가 동일한 항목 병합 + 식비/통신비(DB에 배출계수 없음) 제거로 14→6개 축소, 배출계수_통합_DB.xlsx의 출장_Spend 시트도 동일 기준으로 병합
A9: 사업장폐기물 | B9: C5 폐기물종류/처리방법 | C9: 템플릿 임의목록 | D9: 폐기물_C5 기준 | E9: DB에 없는 항목은 지정폐기물/기타 등으로 매핑
A10: 판매제품폐기 | B10: C12 대/중/소분류 | C10: 기존 전체 법정 분류 목록 | D10: 폐기물_C12에 계수 있는 항목만 | E10: 소분류까지 DB 보유 항목 중심으로 축소·재구성
A11: 회사별 자동매칭 | B11: C5 폐기물종류 / C6-1·C7 교통수단 | C11: (신규 기능) | D11: '회사별_폐기물매핑'/'회사별_교통수단매핑' 시트 | E11: 표지(기업정보)에서 회사 선택 → 상세명(E열/Y열) 입력 시 표준값이 자동 매칭되는 수식 추가. 회사 목록은 '기업정보' 시트 E열에서 관리하고, 두 매핑 시트는 그 값을 그대로 참조
A12: 항공 거리계산(C6-1/C7) | B12: get_distance_km(mode="air") | C12: 주소 기준 직선거리 × 1.05 | D12: Climatiq/ICAO/DEFRA 벤치마킹 결과 | E12: 출도착지가 공항이 아니라 주소·지명이면 AI가 그 지역의 가까운 주요 공항으로 치환한 뒤 공항-공항 간 거리로 계산하도록 수정, 우회보정 계수도 1.05 → 1.09로 상향
A13: 주요 기존값 → DB 기준값 매핑
A14: 매핑그룹 | B14: 기존값 | C14: DB 기준값
A15: purchase_group | B15: 원재료 | C15: 원재료/부자재
A16: purchase_group | B16: 부자재 | C16: 원재료/부자재
A17: purchase_group | B17: 종이/인쇄물 | C17: 사무용품
A18: purchase_group | B18: IT/전자장비 | C18: IT장비
A19: purchase_group | B19: 소모품 | C19: 사무용품
A20: purchase_group | B20: 화학물질 | C20: 원재료/부자재
A21: purchase_group | B21: 금속/철강 | C21: 원재료/부자재
A22: purchase_group | B22: 플라스틱/고무 | C22: 원재료/부자재
A23: purchase_group | B23: 섬유/의류 | C23: 원재료/부자재
A24: purchase_group | B24: 식음료 | C24: 탕비·식음료
A25: purchase_group | B25: 운송/물류서비스 | C25: 외주·서비스
... A134: unit | B134: MJ | C134: MJ

Sheet 회사별_교통수단매핑
A1: 회사명 | B1: 상세 교통수단명 | C1: 표준 교통수단 | E1: 회사 목록(드롭다운용) | G1: '예시기업'는 형식을 보여주는 예시입니다. 회사 목록은 이 시트가 아니라 '기업정보' 시트의 E열에서 관리합니다(이 시트 E열은 그 값을 그대로 표시). 새 회사를 추가하려면: ① 이 시트 A~C열에 그 회사의 '상세 교통수단명 → 표준 교통수단' 행을 추가하고 ② '기업정보' 시트 E열에 회사명을 한 줄 추가하세요. 표준 교통수단은 반드시 '배출계수_드롭다운' 시트 F열(DD_TRAVEL_DISTANCE) 목록 값과 똑같이 입력해야 합니다.
A2: 공연공 | B2: 고속버스 | C2: 장거리버스/코치 | E2: =IF(기업정보!E2="","",기업정보!E2) -> 공연공
A3: 공연공 | B3: 국내선 항공 | C3: 국내선 항공
A4: 공연공 | B4: 자동차 | C4: 승용차(평균)
A5: 공연공 | B5: 철도(KTX/SRT) | C5: 철도/KTX/SRT
A6: 공연공 | B6: 기타(선박) | C6: 페리 | E6: =IF(기업정보!E6="","",기업정보!E6)
E7: =IF(기업정보!E7="","",기업정보!E7)
E8: =IF(기업정보!E8="","",기업정보!E8)
E9: =IF(기업정보!E9="","",기업정보!E9)
E10: =IF(기업정보!E10="","",기업정보!E10)
E11: =IF(기업정보!E11="","",기업정보!E11)
E12: =IF(기업정보!E12="","",기업정보!E12)
E13: =IF(기업정보!E13="","",기업정보!E13)
E14: =IF(기업정보!E14="","",기업정보!E14)
E15: =IF(기업정보!E15="","",기업정보!E15)
E16: =IF(기업정보!E16="","",기업정보!E16)
E17: =IF(기업정보!E17="","",기업정보!E17)
E18: =IF(기업정보!E18="","",기업정보!E18)
... E50: =IF(기업정보!E50="","",기업정보!E50)
